sim_clct0_pid,sim_clct0_nhit,sim_clct0_cc_code,sim_clct0_bend,sim_clct0_slope,sim_clct0_KeyHalfStrip,sim_clct0_KeyQuartStrip,sim_clct0_KeyEighthStrip,sim_clct1_pid,sim_clct1_nhit,sim_clct1_cc_code,sim_clct1_bend,sim_clct1_slope,sim_clct1_KeyHalfStrip,sim_clct1_KeyQuartStrip,sim_clct1_KeyEighthStrip
10,5,3903,0,0,10,20,41,0,0,0,0,0,0,0,0
2,4,3880,0,12,137,275,550,0,0,0,0,0,0,0,0
3,6,3775,1,12,4,8,16,10,5,701,1,0,12,25,50
10,6,3055,0,0,154,308,616,10,4,979,1,0,148,297,595
10,6,2489,1,0,4,8,16,0,0,0,0,0,0,0,0
10,5,3903,0,0,5,10,21,0,0,0,0,0,0,0,0
10,5,4047,0,0,155,310,621,0,0,0,0,0,0,0,0
10,6,2539,0,1,133,267,534,10,5,3327,1,0,128,256,513
0,0,0,0,0,0,0,0,0,0,0,0,0,0,0,0
9,6,2395,1,4,24,49,98,0,0,0,0,0,0,0,0
10,4,251,1,0,66,132,264,0,0,0,0,0,0,0,0
10,6,1531,0,2,105,211,422,8,6,3002,0,5,112,224,448
10,6,4078,1,1,106,213,427,0,0,0,0,0,0,0,0
10,6,3839,0,0,53,106,213,8,4,1456,0,5,45,90,180
6,4,655,0,8,147,294,589,0,0,0,0,0,0,0,0
10,5,1607,0,1,1,2,4,10,4,2596,1,1,6,13,27
10,5,1023,1,0,9,18,37,0,0,0,0,0,0,0,0
10,5,2285,1,0,120,241,482,0,0,0,0,0,0,0,0
10,5,4047,0,0,85,170,341,0,0,0,0,0,0,0,0
10,6,4095,1,0,74,148,297,0,0,0,0,0,0,0,0
10,4,3252,1,2,3,6,13,0,0,0,0,0,0,0,0
0,0,0,0,0,0,0,0,0,0,0,0,0,0,0,0
10,6,3755,1,0,38,77,154,0,0,0,0,0,0,0,0
10,6,2794,1,0,119,239,478,0,0,0,0,0,0,0,0
10,6,4095,1,0,82,164,329,0,0,0,0,0,0,0,0
4,4,380,0,11,58,116,232,0,0,0,0,0,0,0,0
10,5,4092,0,0,110,220,441,0,0,0,0,0,0,0,0
10,6,4095,1,0,49,98,197,0,0,0,0,0,0,0,0
10,6,4095,1,0,15,30,61,0,0,0,0,0,0,0,0
0,0,0,0,0,0,0,0,0,0,0,0,0,0,0,0
0,0,0,0,0,0,0,0,0,0,0,0,0,0,0,0
10,6,4091,1,0,12,24,48,0,0,0,0,0,0,0,0
10,6,4095,1,0,146,292,585,0,0,0,0,0,0,0,0
10,6,2794,1,0,131,263,526,0,0,0,0,0,0,0,0
10,6,2670,0,0,27,54,109,0,0,0,0,0,0,0,0
9,5,953,1,3,39,79,158,4,5,3928,0,11,32,64,128
10,4,4080,0,0,120,240,481,0,0,0,0,0,0,0,0
10,6,4095,1,0,47,94,189,0,0,0,0,0,0,0,0
10,4,3900,0,0,112,224,449,0,0,0,0,0,0,0,0
10,6,1373,0,1,3,7,14,0,0,0,0,0,0,0,0
10,5,4047,0,0,153,306,613,0,0,0,0,0,0,0,0
10,6,2790,1,0,4,8,17,0,0,0,0,0,0,0,0
10,5,726,1,1,155,310,620,0,0,0,0,0,0,0,0
10,4,2255,0,1,154,308,616,0,0,0,0,0,0,0,0
10,5,3059,0,1,4,8,17,0,0,0,0,0,0,0,0
9,6,1790,1,4,5,10,21,0,0,0,0,0,0,0,0
10,5,3068,0,1,156,312,625,0,0,0,0,0,0,0,0
0,0,0,0,0,0,0,0,0,0,0,0,0,0,0,0
10,4,575,0,2,49,98,196,0,0,0,0,0,0,0,0
7,6,1749,1,7,109,218,437,0,0,0,0,0,0,0,0
10,6,2043,0,1,74,148,296,0,0,0,0,0,0,0,0
10,6,4095,1,0,85,170,341,0,0,0,0,0,0,0,0
10,5,3375,0,1,127,255,511,0,0,0,0,0,0,0,0
10,6,2746,0,0,40,81,162,0,0,0,0,0,0,0,0
10,6,4095,1,0,119,238,477,0,0,0,0,0,0,0,0
2,6,4011,0,13,73,147,295,0,0,0,0,0,0,0,0
7,4,3854,1,7,57,115,230,0,0,0,0,0,0,0,0
10,5,3259,1,0,154,308,616,0,0,0,0,0,0,0,0
10,5,4092,0,0,4,8,17,0,0,0,0,0,0,0,0
5,6,4073,1,9,19,38,76,0,0,0,0,0,0,0,0
6,5,4047,0,6,129,259,519,10,4,3884,1,0,144,288,576
0,0,0,0,0,0,0,0,0,0,0,0,0,0,0,0
8,5,733,0,4,105,211,423,0,0,0,0,0,0,0,0
0,0,0,0,0,0,0,0,0,0,0,0,0,0,0,0
10,5,3752,1,1,93,186,373,0,0,0,0,0,0,0,0
10,6,4015,1,0,66,132,264,0,0,0,0,0,0,0,0
10,6,1962,0,0,49,98,197,10,5,873,1,2,61,122,244
10,6,4095,1,0,108,216,433,0,0,0,0,0,0,0,0
10,4,3900,0,0,61,122,245,0,0,0,0,0,0,0,0
10,4,3854,1,1,110,220,440,0,0,0,0,0,0,0,0
10,6,3995,1,0,49,99,198,10,4,3424,1,2,56,113,226
10,5,4092,0,0,107,214,429,0,0,0,0,0,0,0,0
10,5,3306,1,1,19,39,78,0,0,0,0,0,0,0,0
10,5,3327,1,0,138,276,553,0,0,0,0,0,0,0,0
10,6,3823,0,0,63,126,252,0,0,0,0,0,0,0,0
10,5,3756,0,0,87,175,351,0,0,0,0,0,0,0,0
10,6,2559,0,2,119,238,476,0,0,0,0,0,0,0,0
10,4,4040,1,2,41,83,167,0,0,0,0,0,0,0,0
10,6,4095,1,0,84,168,337,0,0,0,0,0,0,0,0
10,4,3020,0,1,74,148,297,0,0,0,0,0,0,0,0
10,6,3822,1,0,99,199,399,0,0,0,0,0,0,0,0
10,6,4095,1,0,91,182,365,0,0,0,0,0,0,0,0
10,6,3754,1,1,78,156,313,0,0,0,0,0,0,0,0
10,6,1895,0,1,79,158,317,0,0,0,0,0,0,0,0
10,4,3891,0,0,11,22,45,0,0,0,0,0,0,0,0
0,0,0,0,0,0,0,0,0,0,0,0,0,0,0,0
10,6,4095,1,0,148,296,593,0,0,0,0,0,0,0,0
10,6,4095,1,0,95,190,381,0,0,0,0,0,0,0,0
8,5,3306,0,4,44,88,176,7,5,3021,1,7,87,174,348
10,5,4047,0,0,83,166,333,0,0,0,0,0,0,0,0
10,6,4026,1,1,73,147,295,0,0,0,0,0,0,0,0
10,4,831,1,0,52,104,209,0,0,0,0,0,0,0,0
10,5,3820,1,0,107,214,428,0,0,0,0,0,0,0,0
10,6,4094,1,1,143,286,572,0,0,0,0,0,0,0,0
10,6,4095,1,0,14,28,57,0,0,0,0,0,0,0,0
0,0,0,0,0,0,0,0,0,0,0,0,0,0,0,0
10,6,4094,1,1,57,114,228,0,0,0,0,0,0,0,0
10,4,1888,0,0,109,218,437,0,0,0,0,0,0,0,0
10,5,2702,0,0,27,55,110,0,0,0,0,0,0,0,0
10,5,2977,1,2,67,134,268,2,4,1082,0,14,48,96,193
10,6,4095,1,0,96,192,385,0,0,0,0,0,0,0,0
10,6,4095,1,0,65,130,261,0,0,0,0,0,0,0,0
10,6,2047,0,2,92,184,368,0,0,0,0,0,0,0,0
10,6,4095,1,0,129,258,517,0,0,0,0,0,0,0,0
10,5,1582,0,1,67,134,269,10,4,3591,1,0,77,155,310
10,4,1240,0,1,139,278,556,8,4,155,0,3,155,310,620
10,6,2746,0,0,11,23,46,0,0,0,0,0,0,0,0
10,6,4095,1,0,123,246,493,0,0,0,0,0,0,0,0
3,6,2478,1,12,43,87,174,0,0,0,0,0,0,0,0
10,6,4095,1,0,21,42,85,0,0,0,0,0,0,0,0
10,6,4095,1,0,136,272,545,0,0,0,0,0,0,0,0
10,6,2735,0,1,23,47,95,0,0,0,0,0,0,0,0
10,4,190,1,0,2,5,11,0,0,0,0,0,0,0,0
9,4,229,1,5,106,212,425,8,4,3016,0,5,116,232,465
10,6,2731,0,1,121,243,486,0,0,0,0,0,0,0,0
9,6,3415,1,5,16,33,66,0,0,0,0,0,0,0,0
0,0,0,0,0,0,0,0,0,0,0,0,0,0,0,0
10,5,2299,0,0,145,290,580,0,0,0,0,0,0,0,0
10,6,4095,1,0,15,30,61,0,0,0,0,0,0,0,0
10,4,247,1,1,106,212,424,0,0,0,0,0,0,0,0
9,5,1017,1,4,26,53,107,0,0,0,0,0,0,0,0
10,6,4095,1,0,86,172,345,0,0,0,0,0,0,0,0
0,0,0,0,0,0,0,0,0,0,0,0,0,0,0,0
10,5,1582,0,1,71,142,285,0,0,0,0,0,0,0,0
10,5,1023,1,0,86,172,345,0,0,0,0,0,0,0,0
10,6,4095,1,0,14,28,57,0,0,0,0,0,0,0,0
10,6,4095,1,0,143,286,573,0,0,0,0,0,0,0,0
5,5,3285,1,9,59,119,238,10,4,791,1,0,11,22,45
10,6,3774,1,0,111,223,447,0,0,0,0,0,0,0,0
10,5,2796,0,1,120,240,480,0,0,0,0,0,0,0,0
10,6,4095,1,0,39,78,157,0,0,0,0,0,0,0,0
0,0,0,0,0,0,0,0,0,0,0,0,0,0,0,0
0,0,0,0,0,0,0,0,0,0,0,0,0,0,0,0
10,5,3327,1,0,148,296,593,0,0,0,0,0,0,0,0
5,5,2428,1,11,3,7,14,3,5,3723,1,13,10,21,43
6,6,1470,0,8,150,301,603,6,6,1706,0,7,156,313,626
10,5,2234,0,0,96,193,386,0,0,0,0,0,0,0,0
10,6,4027,1,0,64,128,256,0,0,0,0,0,0,0,0
10,4,255,0,0,147,294,589,0,0,0,0,0,0,0,0
6,5,2428,0,8,5,10,20,2,5,2984,0,13,23,47,94
10,4,555,0,1,1,3,6,0,0,0,0,0,0,0,0
8,5,3654,0,4,124,249,498,0,0,0,0,0,0,0,0
0,0,0,0,0,0,0,0,0,0,0,0,0,0,0,0
7,4,872,1,6,117,235,471,0,0,0,0,0,0,0,0
10,6,4095,1,0,131,262,525,0,0,0,0,0,0,0,0
0,0,0,0,0,0,0,0,0,0,0,0,0,0,0,0
7,6,2717,1,6,82,165,330,0,0,0,0,0,0,0,0
10,5,4083,0,0,144,288,577,0,0,0,0,0,0,0,0
10,4,4080,0,0,15,30,61,0,0,0,0,0,0,0,0
10,4,3696,1,0,137,274,549,0,0,0,0,0,0,0,0
10,5,1683,0,2,82,164,329,0,0,0,0,0,0,0,0
10,6,4095,1,0,121,242,485,0,0,0,0,0,0,0,0
7,5,2617,1,6,154,309,619,0,0,0,0,0,0,0,0
10,5,3899,1,0,2,4,8,0,0,0,0,0,0,0,0
10,4,1936,1,0,30,61,123,0,0,0,0,0,0,0,0
10,5,3327,1,0,82,164,329,0,0,0,0,0,0,0,0
6,6,1789,0,6,79,159,319,0,0,0,0,0,0,0,0
2,6,4011,0,13,91,183,367,10,5,3059,0,1,104,208,417
10,6,4031,0,0,54,108,217,0,0,0,0,0,0,0,0
10,6,4095,1,0,119,238,477,0,0,0,0,0,0,0,0
10,6,4095,1,0,40,80,161,0,0,0,0,0,0,0,0
10,6,4095,1,0,111,222,445,0,0,0,0,0,0,0,0
9,6,1706,1,4,45,91,183,0,0,0,0,0,0,0,0
10,5,3263,0,0,42,84,168,0,0,0,0,0,0,0,0
10,4,3244,1,0,115,231,463,0,0,0,0,0,0,0,0
2,6,3005,0,12,115,231,462,8,4,3024,0,3,101,202,405
10,5,3756,0,0,17,35,71,6,4,314,0,7,119,239,478
10,5,4083,0,0,1,2,5,0,0,0,0,0,0,0,0
0,0,0,0,0,0,0,0,0,0,0,0,0,0,0,0
10,5,1023,1,0,95,190,381,0,0,0,0,0,0,0,0
10,6,3754,1,1,51,102,205,0,0,0,0,0,0,0,0
4,6,4006,0,11,96,192,385,3,5,2812,1,12,123,246,493
0,0,0,0,0,0,0,0,0,0,0,0,0,0,0,0
10,5,3310,1,1,50,101,203,0,0,0,0,0,0,0,0
10,6,1493,1,0,33,67,134,0,0,0,0,0,0,0,0
0,0,0,0,0,0,0,0,0,0,0,0,0,0,0,0
10,5,2978,1,0,86,173,346,0,0,0,0,0,0,0,0
10,6,4095,1,0,71,142,285,0,0,0,0,0,0,0,0
2,6,1770,0,14,58,116,233,0,0,0,0,0,0,0,0
10,6,4095,1,0,91,182,365,0,0,0,0,0,0,0,0
10,6,4095,1,0,142,284,569,0,0,0,0,0,0,0,0
10,5,3327,1,0,15,30,61,0,0,0,0,0,0,0,0
9,5,1822,1,5,62,124,248,0,0,0,0,0,0,0,0
10,6,4095,1,0,95,190,381,0,0,0,0,0,0,0,0
10,6,4095,1,0,31,62,125,0,0,0,0,0,0,0,0
10,6,4095,1,0,126,252,505,8,4,1712,0,4,120,240,481
2,4,2311,0,14,153,306,612,0,0,0,0,0,0,0,0
10,6,2922,1,0,12,24,49,0,0,0,0,0,0,0,0
8,6,3754,0,4,155,311,623,0,0,0,0,0,0,0,0
8,5,411,0,3,68,136,272,10,4,795,1,0,91,183,366
9,4,3680,1,3,83,167,334,0,0,0,0,0,0,0,0
10,6,3754,1,1,49,98,197,0,0,0,0,0,0,0,0
9,6,2463,1,3,110,220,440,0,0,0,0,0,0,0,0
10,6,4095,1,0,94,188,377,0,0,0,0,0,0,0,0
10,6,4095,1,0,27,54,109,0,0,0,0,0,0,0,0
10,6,4095,1,0,132,264,529,0,0,0,0,0,0,0,0
10,6,4095,1,0,56,112,225,0,0,0,0,0,0,0,0
0,0,0,0,0,0,0,0,0,0,0,0,0,0,0,0
10,5,3740,1,0,77,154,309,2,4,3522,0,12,144,288,576
10,4,1904,1,2,107,215,430,0,0,0,0,0,0,0,0
10,6,4090,1,1,35,71,143,8,5,3607,0,5,28,57,114
10,5,3004,0,1,88,176,352,0,0,0,0,0,0,0,0
10,6,4095,1,0,69,138,277,0,0,0,0,0,0,0,0
0,0,0,0,0,0,0,0,0,0,0,0,0,0,0,0
0,0,0,0,0,0,0,0,0,0,0,0,0,0,0,0
10,6,1877,1,1,76,153,306,0,0,0,0,0,0,0,0
10,6,2746,0,0,80,161,322,0,0,0,0,0,0,0,0
10,6,2749,1,0,137,275,550,10,5,3311,1,0,132,264,528
10,5,3327,1,0,22,44,89,0,0,0,0,0,0,0,0
10,5,2219,0,1,68,137,274,0,0,0,0,0,0,0,0
10,5,3832,1,0,91,183,367,0,0,0,0,0,0,0,0
10,6,4095,1,0,122,244,489,0,0,0,0,0,0,0,0
10,6,3823,0,0,35,70,140,0,0,0,0,0,0,0,0
0,0,0,0,0,0,0,0,0,0,0,0,0,0,0,0
0,0,0,0,0,0,0,0,0,0,0,0,0,0,0,0
10,6,2986,1,0,43,86,173,0,0,0,0,0,0,0,0
10,6,4095,1,0,128,256,513,0,0,0,0,0,0,0,0
2,4,4080,0,13,7,14,28,0,0,0,0,0,0,0,0
10,6,4095,1,0,109,218,437,0,0,0,0,0,0,0,0
10,6,4095,1,0,49,98,197,0,0,0,0,0,0,0,0
10,4,4080,0,0,106,212,425,0,0,0,0,0,0,0,0
10,6,4095,1,0,53,106,213,0,0,0,0,0,0,0,0
10,4,3244,1,0,155,311,623,0,0,0,0,0,0,0,0
10,5,3979,1,0,5,11,23,0,0,0,0,0,0,0,0
10,5,1111,0,2,2,5,11,0,0,0,0,0,0,0,0
10,6,4095,1,0,152,304,609,0,0,0,0,0,0,0,0
3,5,2788,1,15,134,268,536,0,0,0,0,0,0,0,0
0,0,0,0,0,0,0,0,0,0,0,0,0,0,0,0
10,6,4095,1,0,32,64,129,0,0,0,0,0,0,0,0
10,6,4095,1,0,68,136,273,0,0,0,0,0,0,0,0
10,5,1023,1,0,89,178,357,0,0,0,0,0,0,0,0
0,0,0,0,0,0,0,0,0,0,0,0,0,0,0,0
10,6,4095,1,0,34,68,137,0,0,0,0,0,0,0,0
0,0,0,0,0,0,0,0,0,0,0,0,0,0,0,0
10,6,4095,1,0,4,8,17,0,0,0,0,0,0,0,0
10,6,2734,0,0,3,7,14,0,0,0,0,0,0,0,0
10,4,238,1,1,154,308,616,0,0,0,0,0,0,0,0
10,5,3901,1,2,104,209,419,8,4,3384,0,5,96,193,387
10,4,3859,1,0,51,103,207,0,0,0,0,0,0,0,0
0,0,0,0,0,0,0,0,0,0,0,0,0,0,0,0
0,0,0,0,0,0,0,0,0,0,0,0,0,0,0,0
10,5,3903,0,0,96,192,385,0,0,0,0,0,0,0,0
10,5,3310,1,1,63,127,255,0,0,0,0,0,0,0,0
9,4,4048,1,4,118,237,475,0,0,0,0,0,0,0,0
10,6,3759,0,0,50,101,203,0,0,0,0,0,0,0,0
6,4,1550,0,8,25,51,103,0,0,0,0,0,0,0,0
10,6,4095,1,0,142,284,569,0,0,0,0,0,0,0,0
10,6,4095,1,0,12,24,49,0,0,0,0,0,0,0,0
10,5,4083,0,0,145,290,581,0,0,0,0,0,0,0,0
8,6,3834,0,4,155,310,620,0,0,0,0,0,0,0,0
10,6,3419,0,0,10,20,40,0,0,0,0,0,0,0,0
10,6,3823,0,0,145,290,580,0,0,0,0,0,0,0,0
10,6,4095,1,0,38,76,153,0,0,0,0,0,0,0,0
10,6,4094,1,1,98,196,392,8,6,2681,0,5,111,223,446
10,6,2990,0,0,61,123,246,0,0,0,0,0,0,0,0
10,5,3327,1,0,50,100,201,0,0,0,0,0,0,0,0
10,6,2747,0,1,108,217,435,0,0,0,0,0,0,0,0
10,6,3991,1,1,153,306,613,10,5,2908,1,0,145,290,581
8,4,1760,0,3,6,12,24,0,0,0,0,0,0,0,0
8,5,1772,0,3,4,8,16,7,4,3720,1,7,17,35,71
8,5,1492,0,5,156,312,624,0,0,0,0,0,0,0,0
8,6,2553,0,5,24,49,98,9,5,3729,1,3,31,63,127
10,5,4092,0,0,134,268,537,0,0,0,0,0,0,0,0
10,6,4095,1,0,131,262,525,0,0,0,0,0,0,0,0
4,6,2965,0,10,15,31,62,0,0,0,0,0,0,0,0
10,5,3752,1,1,64,128,257,0,0,0,0,0,0,0,0
10,5,3327,1,0,95,190,381,0,0,0,0,0,0,0,0
10,6,2985,1,1,109,218,436,8,6,2745,0,5,99,199,398
10,6,4095,1,0,75,150,301,0,0,0,0,0,0,0,0
0,0,0,0,0,0,0,0,0,0,0,0,0,0,0,0
6,5,891,0,6,31,62,124,0,0,0,0,0,0,0,0
10,6,4095,1,0,99,198,397,0,0,0,0,0,0,0,0
10,5,3032,1,1,48,96,193,0,0,0,0,0,0,0,0
10,6,4095,1,0,104,208,417,0,0,0,0,0,0,0,0
10,5,4083,0,0,55,110,221,0,0,0,0,0,0,0,0
10,5,703,0,2,58,116,232,0,0,0,0,0,0,0,0
10,6,2798,0,0,99,199,399,0,0,0,0,0,0,0,0
2,5,3052,0,14,28,56,112,0,0,0,0,0,0,0,0
10,6,3754,1,1,111,222,445,0,0,0,0,0,0,0,0
10,6,2521,1,0,19,39,79,10,5,2613,1,1,12,24,48
10,5,4092,0,0,60,120,241,0,0,0,0,0,0,0,0
0,0,0,0,0,0,0,0,0,0,0,0,0,0,0,0
9,5,2674,1,5,88,177,355,10,4,3628,1,0,71,143,287
10,6,4095,1,0,126,252,505,0,0,0,0,0,0,0,0
0,0,0,0,0,0,0,0,0,0,0,0,0,0,0,0
8,5,3639,0,5,120,240,480,0,0,0,0,0,0,0,0
10,5,1023,1,0,59,118,237,0,0,0,0,0,0,0,0
10,6,4095,1,0,79,158,317,0,0,0,0,0,0,0,0
10,6,4095,1,0,79,158,317,0,0,0,0,0,0,0,0
10,5,4082,1,1,37,74,148,0,0,0,0,0,0,0,0
10,5,3894,1,2,99,199,398,0,0,0,0,0,0,0,0
10,6,4095,1,0,102,204,409,0,0,0,0,0,0,0,0
10,6,3822,1,0,58,117,235,0,0,0,0,0,0,0,0
0,0,0,0,0,0,0,0,0,0,0,0,0,0,0,0
10,4,831,1,0,60,120,241,0,0,0,0,0,0,0,0
10,4,831,1,0,98,196,393,0,0,0,0,0,0,0,0
10,5,1953,1,0,126,252,504,2,5,1720,0,15,118,237,475
10,6,4095,1,0,33,66,133,0,0,0,0,0,0,0,0
3,4,504,1,13,98,197,394,0,0,0,0,0,0,0,0
10,6,1513,0,0,119,238,476,9,4,2000,1,5,133,266,532
10,6,4095,1,0,39,78,157,0,0,0,0,0,0,0,0
0,0,0,0,0,0,0,0,0,0,0,0,0,0,0,0
0,0,0,0,0,0,0,0,0,0,0,0,0,0,0,0
10,6,3839,0,0,152,304,609,10,5,2266,1,0,146,292,585
7,5,2693,1,8,22,44,89,0,0,0,0,0,0,0,0
10,5,1023,1,0,148,296,593,0,0,0,0,0,0,0,0
10,5,2286,0,0,11,23,47,0,0,0,0,0,0,0,0
10,6,4095,1,0,145,290,581,0,0,0,0,0,0,0,0
10,6,2985,1,1,55,110,220,0,0,0,0,0,0,0,0
10,5,2732,0,1,105,211,423,0,0,0,0,0,0,0,0
10,6,4095,1,0,95,190,381,0,0,0,0,0,0,0,0
2,6,1398,0,14,50,101,203,9,4,455,1,4,61,123,247
10,5,4019,0,0,60,120,240,0,0,0,0,0,0,0,0
6,6,1465,0,6,97,194,389,0,0,0,0,0,0,0,0
10,6,3007,0,1,52,104,208,0,0,0,0,0,0,0,0
10,5,4092,0,0,106,212,425,0,0,0,0,0,0,0,0
0,0,0,0,0,0,0,0,0,0,0,0,0,0,0,0
10,5,3899,1,0,102,204,408,0,0,0,0,0,0,0,0
10,6,4095,1,0,32,64,129,0,0,0,0,0,0,0,0
10,6,3775,0,0,125,250,500,0,0,0,0,0,0,0,0
10,6,4095,1,0,50,100,201,0,0,0,0,0,0,0,0
8,4,508,0,4,107,214,428,0,0,0,0,0,0,0,0
10,6,3754,1,1,59,118,237,0,0,0,0,0,0,0,0
10,6,4095,1,0,98,196,393,0,0,0,0,0,0,0,0
10,6,3051,0,0,138,277,555,0,0,0,0,0,0,0,0
9,4,3172,1,3,0,1,3,0,0,0,0,0,0,0,0
10,6,4031,0,0,21,42,85,0,0,0,0,0,0,0,0
10,6,4095,1,0,102,204,409,0,0,0,0,0,0,0,0
10,6,4095,1,0,58,116,233,0,0,0,0,0,0,0,0
10,6,4095,1,0,148,296,593,0,0,0,0,0,0,0,0
10,5,4092,0,0,12,24,49,0,0,0,0,0,0,0,0
10,5,854,1,1,8,17,35,0,0,0,0,0,0,0,0
10,6,2778,1,0,18,36,73,0,0,0,0,0,0,0,0
8,4,497,0,4,139,279,559,0,0,0,0,0,0,0,0
10,6,3754,1,1,68,136,273,0,0,0,0,0,0,0,0
10,5,4092,0,0,89,178,357,0,0,0,0,0,0,0,0
10,6,4095,1,0,57,114,229,0,0,0,0,0,0,0,0
10,6,4095,1,0,101,202,405,0,0,0,0,0,0,0,0
10,6,4095,1,0,133,266,533,10,4,842,1,0,155,310,621
10,5,767,0,1,20,40,80,0,0,0,0,0,0,0,0
0,0,0,0,0,0,0,0,0,0,0,0,0,0,0,0
10,6,4095,1,0,126,252,505,0,0,0,0,0,0,0,0
4,6,1727,0,9,25,50,101,10,5,2602,0,0,31,62,125
10,5,4083,0,0,50,100,201,0,0,0,0,0,0,0,0
2,6,4075,0,12,97,195,391,0,0,0,0,0,0,0,0
0,0,0,0,0,0,0,0,0,0,0,0,0,0,0,0
0,0,0,0,0,0,0,0,0,0,0,0,0,0,0,0
0,0,0,0,0,0,0,0,0,0,0,0,0,0,0,0
0,0,0,0,0,0,0,0,0,0,0,0,0,0,0,0
10,6,4095,1,0,112,224,449,0,0,0,0,0,0,0,0
7,6,4074,1,8,58,116,233,3,4,2849,1,14,20,40,81
4,5,1355,0,9,155,311,622,0,0,0,0,0,0,0,0
10,5,1023,1,0,140,280,561,0,0,0,0,0,0,0,0
10,6,4031,0,0,18,36,73,0,0,0,0,0,0,0,0
2,4,1776,0,15,83,166,332,0,0,0,0,0,0,0,0
10,6,1531,0,2,60,121,242,0,0,0,0,0,0,0,0
7,5,1273,1,6,61,123,247,8,4,127,0,4,41,83,166
10,4,174,0,0,117,235,470,0,0,0,0,0,0,0,0
0,0,0,0,0,0,0,0,0,0,0,0,0,0,0,0
10,6,4095,1,0,147,294,589,0,0,0,0,0,0,0,0
0,0,0,0,0,0,0,0,0,0,0,0,0,0,0,0
10,6,4095,1,0,10,20,41,0,0,0,0,0,0,0,0
10,6,4095,1,0,31,62,125,0,0,0,0,0,0,0,0
10,5,3327,1,0,126,252,505,0,0,0,0,0,0,0,0
10,6,4095,1,0,75,150,301,8,5,1487,0,3,91,183,367
10,5,2282,1,0,83,167,334,0,0,0,0,0,0,0,0
3,4,3952,1,14,135,271,542,0,0,0,0,0,0,0,0
10,4,3110,1,2,93,186,373,0,0,0,0,0,0,0,0
10,5,4083,0,0,50,100,201,0,0,0,0,0,0,0,0
0,0,0,0,0,0,0,0,0,0,0,0,0,0,0,0
0,0,0,0,0,0,0,0,0,0,0,0,0,0,0,0
0,0,0,0,0,0,0,0,0,0,0,0,0,0,0,0
0,0,0,0,0,0,0,0,0,0,0,0,0,0,0,0
10,5,3052,0,0,118,236,472,0,0,0,0,0,0,0,0
10,4,952,1,1,41,83,167,0,0,0,0,0,0,0,0
10,5,4083,0,0,57,114,229,0,0,0,0,0,0,0,0
10,4,1011,0,0,100,200,401,0,0,0,0,0,0,0,0
0,0,0,0,0,0,0,0,0,0,0,0,0,0,0,0
3,4,3920,1,15,65,130,261,0,0,0,0,0,0,0,0
10,6,4095,1,0,64,128,257,0,0,0,0,0,0,0,0
10,6,3754,1,1,154,308,617,0,0,0,0,0,0,0,0
7,5,2873,1,7,22,44,88,0,0,0,0,0,0,0,0
8,4,107,0,4,29,58,116,0,0,0,0,0,0,0,0
10,6,2815,0,1,154,308,616,0,0,0,0,0,0,0,0
0,0,0,0,0,0,0,0,0,0,0,0,0,0,0,0
10,6,2746,0,0,14,29,58,0,0,0,0,0,0,0,0
10,6,1389,0,1,82,165,331,0,0,0,0,0,0,0,0
10,6,4095,1,0,75,150,301,0,0,0,0,0,0,0,0
6,4,3215,0,6,65,131,262,0,0,0,0,0,0,0,0
10,6,2735,0,1,77,155,311,0,0,0,0,0,0,0,0
10,6,4095,1,0,67,134,269,0,0,0,0,0,0,0,0
6,4,911,0,6,88,177,354,0,0,0,0,0,0,0,0
10,6,4095,1,0,150,300,601,0,0,0,0,0,0,0,0
10,6,3003,0,0,0,1,3,0,0,0,0,0,0,0,0
10,6,2794,1,0,9,19,38,0,0,0,0,0,0,0,0
0,0,0,0,0,0,0,0,0,0,0,0,0,0,0,0
10,5,2299,0,0,124,248,496,0,0,0,0,0,0,0,0
0,0,0,0,0,0,0,0,0,0,0,0,0,0,0,0
10,4,4044,0,0,35,70,141,0,0,0,0,0,0,0,0
0,0,0,0,0,0,0,0,0,0,0,0,0,0,0,0
10,6,1774,0,1,45,91,182,0,0,0,0,0,0,0,0
10,6,4091,1,0,114,228,456,0,0,0,0,0,0,0,0
0,0,0,0,0,0,0,0,0,0,0,0,0,0,0,0
10,5,3786,1,1,85,171,342,8,5,3692,0,5,74,149,299
0,0,0,0,0,0,0,0,0,0,0,0,0,0,0,0
9,5,3663,1,5,110,220,441,0,0,0,0,0,0,0,0
10,6,4095,1,0,101,202,405,0,0,0,0,0,0,0,0
2,4,740,0,12,49,98,196,0,0,0,0,0,0,0,0
10,6,1406,0,2,156,312,625,2,6,2491,0,14,148,297,594
3,4,1732,1,14,21,43,87,0,0,0,0,0,0,0,0
10,6,4095,1,0,143,286,573,0,0,0,0,0,0,0,0
10,6,2814,0,0,9,19,39,0,0,0,0,0,0,0,0
10,4,3275,1,0,148,296,592,0,0,0,0,0,0,0,0
10,6,4095,1,0,32,64,129,7,4,827,1,6,22,45,91
10,6,3818,1,1,127,255,510,0,0,0,0,0,0,0,0
0,0,0,0,0,0,0,0,0,0,0,0,0,0,0,0
0,0,0,0,0,0,0,0,0,0,0,0,0,0,0,0
10,5,767,0,1,59,118,236,0,0,0,0,0,0,0,0
10,5,3903,0,0,98,196,393,0,0,0,0,0,0,0,0
10,5,2703,0,1,83,167,335,0,0,0,0,0,0,0,0
10,6,4078,1,1,74,149,299,0,0,0,0,0,0,0,0
0,0,0,0,0,0,0,0,0,0,0,0,0,0,0,0
10,6,3967,0,0,118,236,472,0,0,0,0,0,0,0,0
10,6,4095,1,0,27,54,109,0,0,0,0,0,0,0,0
10,6,3071,0,1,131,262,525,0,0,0,0,0,0,0,0
5,4,213,1,10,33,67,134,0,0,0,0,0,0,0,0
0,0,0,0,0,0,0,0,0,0,0,0,0,0,0,0
0,0,0,0,0,0,0,0,0,0,0,0,0,0,0,0
4,4,127,0,10,131,262,524,0,0,0,0,0,0,0,0
9,4,462,1,4,37,74,148,0,0,0,0,0,0,0,0
10,6,2746,0,0,8,17,34,8,4,1123,0,3,1,2,5
3,5,2924,1,13,135,271,542,6,4,1227,0,8,144,288,576
10,6,3835,0,0,15,30,60,6,5,1396,0,7,8,16,33
10,6,4095,1,0,144,288,577,0,0,0,0,0,0,0,0
10,4,3207,1,0,38,77,154,0,0,0,0,0,0,0,0
10,5,1253,1,0,94,189,379,0,0,0,0,0,0,0,0
10,6,2901,1,2,111,223,446,0,0,0,0,0,0,0,0
10,5,3327,1,0,38,76,153,0,0,0,0,0,0,0,0
10,6,2731,0,1,147,295,590,10,6,2794,1,0,155,311,622
10,5,3327,1,0,2,4,9,0,0,0,0,0,0,0,0
10,4,2236,0,2,53,106,212,0,0,0,0,0,0,0,0
6,6,1726,0,7,138,276,552,0,0,0,0,0,0,0,0
10,6,4095,1,0,87,174,349,0,0,0,0,0,0,0,0
10,5,2723,0,1,70,141,282,0,0,0,0,0,0,0,0
10,6,4015,1,0,30,60,120,0,0,0,0,0,0,0,0
10,5,1419,0,2,126,252,505,0,0,0,0,0,0,0,0
10,6,4095,1,0,113,226,453,0,0,0,0,0,0,0,0
10,5,2239,0,1,31,62,124,10,5,1714,0,1,38,77,154
10,5,4092,0,0,96,192,385,0,0,0,0,0,0,0,0
10,6,1722,0,1,60,120,241,0,0,0,0,0,0,0,0
0,0,0,0,0,0,0,0,0,0,0,0,0,0,0,0
10,6,4095,1,0,99,198,397,0,0,0,0,0,0,0,0
0,0,0,0,0,0,0,0,0,0,0,0,0,0,0,0
10,5,3262,1,0,3,7,15,5,4,1009,1,9,12,24,49
10,6,2794,1,0,3,7,14,0,0,0,0,0,0,0,0
0,0,0,0,0,0,0,0,0,0,0,0,0,0,0,0
0,0,0,0,0,0,0,0,0,0,0,0,0,0,0,0
6,4,1308,0,8,46,92,185,0,0,0,0,0,0,0,0
10,6,4095,1,0,133,266,533,0,0,0,0,0,0,0,0
10,6,4095,1,0,24,48,97,0,0,0,0,0,0,0,0
10,6,3822,1,0,13,27,55,0,0,0,0,0,0,0,0
3,4,229,1,15,11,23,46,0,0,0,0,0,0,0,0
8,5,505,0,4,156,313,627,10,4,455,0,1,132,264,529
10,5,3899,1,0,73,146,292,0,0,0,0,0,0,0,0
10,6,2751,0,2,85,170,340,0,0,0,0,0,0,0,0
0,0,0,0,0,0,0,0,0,0,0,0,0,0,0,0
10,5,3979,1,0,29,59,119,0,0,0,0,0,0,0,0
10,6,2794,1,0,129,259,518,10,4,333,0,1,108,217,435
10,4,689,1,1,20,40,81,0,0,0,0,0,0,0,0
0,0,0,0,0,0,0,0,0,0,0,0,0,0,0,0
10,5,2723,0,1,56,113,226,0,0,0,0,0,0,0,0
10,5,2603,0,1,110,221,442,0,0,0,0,0,0,0,0
10,4,994,1,2,55,111,223,9,4,969,1,4,79,159,318
10,6,4095,1,0,105,210,421,0,0,0,0,0,0,0,0
4,5,1443,0,9,36,73,147,0,0,0,0,0,0,0,0
0,0,0,0,0,0,0,0,0,0,0,0,0,0,0,0
10,6,4094,1,1,45,90,180,0,0,0,0,0,0,0,0
10,5,1023,1,0,24,48,97,0,0,0,0,0,0,0,0
10,6,4095,1,0,135,270,541,0,0,0,0,0,0,0,0
3,5,3887,1,13,107,214,429,0,0,0,0,0,0,0,0
10,6,2734,0,0,42,85,170,0,0,0,0,0,0,0,0
10,6,4095,1,0,68,136,273,0,0,0,0,0,0,0,0
10,5,4047,0,0,89,178,357,10,4,3114,1,1,80,161,322
10,6,4095,1,0,102,204,409,0,0,0,0,0,0,0,0
10,6,4095,1,0,57,114,229,0,0,0,0,0,0,0,0
10,6,4095,1,0,10,20,41,0,0,0,0,0,0,0,0
3,4,996,1,15,6,12,24,0,0,0,0,0,0,0,0
10,6,2731,0,1,146,293,586,10,4,235,0,0,134,269,539
10,6,2746,0,0,74,149,298,0,0,0,0,0,0,0,0
0,0,0,0,0,0,0,0,0,0,0,0,0,0,0,0
0,0,0,0,0,0,0,0,0,0,0,0,0,0,0,0
0,0,0,0,0,0,0,0,0,0,0,0,0,0,0,0
0,0,0,0,0,0,0,0,0,0,0,0,0,0,0,0
10,6,4095,1,0,134,268,537,0,0,0,0,0,0,0,0
0,0,0,0,0,0,0,0,0,0,0,0,0,0,0,0
10,4,843,0,0,2,5,10,0,0,0,0,0,0,0,0
0,0,0,0,0,0,0,0,0,0,0,0,0,0,0,0
10,6,4095,1,0,11,22,45,0,0,0,0,0,0,0,0
10,4,187,0,1,3,7,15,0,0,0,0,0,0,0,0
10,5,4047,0,0,148,296,593,0,0,0,0,0,0,0,0
8,5,1388,0,4,156,312,625,0,0,0,0,0,0,0,0
10,4,3633,1,2,76,152,305,0,0,0,0,0,0,0,0
10,6,4095,1,0,121,242,485,0,0,0,0,0,0,0,0
10,4,2575,0,1,156,312,624,0,0,0,0,0,0,0,0
10,5,3615,0,0,13,27,55,0,0,0,0,0,0,0,0
7,6,2966,1,7,2,5,10,0,0,0,0,0,0,0,0
2,4,3040,0,13,139,279,559,0,0,0,0,0,0,0,0
10,4,1488,0,1,28,56,112,0,0,0,0,0,0,0,0
10,6,4095,1,0,130,260,521,0,0,0,0,0,0,0,0
10,6,4095,1,0,115,230,461,0,0,0,0,0,0,0,0
10,6,1710,0,1,43,86,173,0,0,0,0,0,0,0,0
2,5,2040,0,15,149,298,596,0,0,0,0,0,0,0,0
3,4,3984,1,15,9,19,38,0,0,0,0,0,0,0,0
7,5,3322,1,7,22,45,90,2,4,3591,0,12,16,32,65
0,0,0,0,0,0,0,0,0,0,0,0,0,0,0,0
10,5,1007,1,0,137,274,548,0,0,0,0,0,0,0,0
10,4,3279,1,0,22,44,89,0,0,0,0,0,0,0,0
10,6,3839,0,0,117,234,469,0,0,0,0,0,0,0,0
6,5,3708,0,6,53,106,212,3,5,3302,1,14,27,55,110
0,0,0,0,0,0,0,0,0,0,0,0,0,0,0,0
10,6,3006,0,0,106,213,427,0,0,0,0,0,0,0,0
0,0,0,0,0,0,0,0,0,0,0,0,0,0,0,0
10,5,4092,0,0,44,88,177,0,0,0,0,0,0,0,0
10,6,2795,0,0,115,231,463,0,0,0,0,0,0,0,0
10,5,3327,1,0,56,112,225,0,0,0,0,0,0,0,0
10,5,3327,1,0,102,204,409,0,0,0,0,0,0,0,0
0,0,0,0,0,0,0,0,0,0,0,0,0,0,0,0
6,5,687,0,8,143,286,572,0,0,0,0,0,0,0,0
7,5,4072,1,8,16,32,65,0,0,0,0,0,0,0,0
10,5,2606,0,0,5,11,22,0,0,0,0,0,0,0,0
10,6,4095,1,0,155,310,621,0,0,0,0,0,0,0,0
10,6,4095,1,0,31,62,125,0,0,0,0,0,0,0,0
10,6,3071,0,1,127,254,509,0,0,0,0,0,0,0,0
0,0,0,0,0,0,0,0,0,0,0,0,0,0,0,0
10,6,4095,1,0,100,200,401,0,0,0,0,0,0,0,0
0,0,0,0,0,0,0,0,0,0,0,0,0,0,0,0
7,5,3871,1,6,117,235,470,4,5,3637,0,10,106,212,424
10,6,4095,1,0,36,72,145,3,5,3756,1,14,47,95,190
10,5,4047,0,0,51,102,205,0,0,0,0,0,0,0,0
10,5,4092,0,0,106,212,425,0,0,0,0,0,0,0,0
7,6,1509,1,6,41,82,165,0,0,0,0,0,0,0,0
10,6,4095,1,0,116,232,465,2,4,1252,0,14,139,278,557
10,4,4035,1,0,65,130,261,0,0,0,0,0,0,0,0
10,5,4047,0,0,94,188,377,0,0,0,0,0,0,0,0
10,6,3675,1,0,77,154,309,10,6,2747,0,1,88,177,355
10,6,4095,1,0,71,142,285,0,0,0,0,0,0,0,0
6,4,95,0,6,65,131,263,0,0,0,0,0,0,0,0
10,6,4095,1,0,46,92,185,0,0,0,0,0,0,0,0
10,5,4047,0,0,124,248,497,0,0,0,0,0,0,0,0
7,5,2613,1,7,56,113,226,5,4,237,1,9,14,28,57
10,6,4095,1,0,83,166,333,0,0,0,0,0,0,0,0
10,4,4035,1,0,76,152,305,0,0,0,0,0,0,0,0
10,6,4095,1,0,50,100,201,0,0,0,0,0,0,0,0
10,6,4095,1,0,109,218,437,0,0,0,0,0,0,0,0
10,6,2986,1,0,138,276,553,0,0,0,0,0,0,0,0
10,6,4095,1,0,21,42,85,0,0,0,0,0,0,0,0
10,5,3060,1,1,73,147,294,0,0,0,0,0,0,0,0
0,0,0,0,0,0,0,0,0,0,0,0,0,0,0,0
10,4,3117,1,2,134,269,538,0,0,0,0,0,0,0,0
10,6,2750,0,0,136,273,547,7,6,2774,1,7,142,285,570
0,0,0,0,0,0,0,0,0,0,0,0,0,0,0,0
10,5,3887,1,0,117,234,468,0,0,0,0,0,0,0,0
10,6,4095,1,0,49,98,197,10,5,1559,0,1,61,122,244
10,5,2858,1,0,108,217,434,0,0,0,0,0,0,0,0
10,4,255,0,0,128,256,513,0,0,0,0,0,0,0,0
10,5,1023,1,0,31,62,125,0,0,0,0,0,0,0,0
10,6,4078,1,1,40,81,163,10,4,3424,1,2,32,65,130
10,4,401,1,0,126,253,506,0,0,0,0,0,0,0,0
10,6,4091,1,0,110,220,440,0,0,0,0,0,0,0,0
10,6,4095,1,0,31,62,125,0,0,0,0,0,0,0,0
10,6,2734,0,0,128,257,514,0,0,0,0,0,0,0,0
10,4,4080,0,0,90,180,361,0,0,0,0,0,0,0,0
10,6,4095,1,0,68,136,273,0,0,0,0,0,0,0,0
10,6,4095,1,0,73,146,293,0,0,0,0,0,0,0,0
10,6,4091,1,0,84,168,336,0,0,0,0,0,0,0,0
10,6,4079,1,0,145,290,580,0,0,0,0,0,0,0,0
10,6,4095,1,0,12,24,49,0,0,0,0,0,0,0,0
9,4,4048,1,4,61,123,247,0,0,0,0,0,0,0,0
0,0,0,0,0,0,0,0,0,0,0,0,0,0,0,0
0,0,0,0,0,0,0,0,0,0,0,0,0,0,0,0
0,0,0,0,0,0,0,0,0,0,0,0,0,0,0,0
10,6,4095,1,0,10,20,41,0,0,0,0,0,0,0,0
10,6,4095,1,0,115,230,461,0,0,0,0,0,0,0,0
10,6,4095,1,0,44,88,177,0,0,0,0,0,0,0,0
10,4,3900,0,0,82,164,329,0,0,0,0,0,0,0,0
10,5,3262,1,0,75,151,303,0,0,0,0,0,0,0,0
9,6,2991,1,4,155,311,622,0,0,0,0,0,0,0,0
9,5,2879,1,4,12,25,51,0,0,0,0,0,0,0,0
10,6,4090,1,1,1,3,7,0,0,0,0,0,0,0,0
10,4,3788,0,0,152,304,609,0,0,0,0,0,0,0,0
10,4,255,0,0,77,154,309,0,0,0,0,0,0,0,0
8,6,1407,0,4,82,165,330,10,6,2981,1,2,92,184,368
10,6,2734,0,0,121,243,486,0,0,0,0,0,0,0,0
10,6,4027,1,0,36,72,144,0,0,0,0,0,0,0,0
9,5,2286,1,5,50,100,201,0,0,0,0,0,0,0,0
2,5,761,0,12,26,52,105,0,0,0,0,0,0,0,0
10,6,4095,1,0,140,280,561,0,0,0,0,0,0,0,0
10,6,2794,1,0,68,137,274,0,0,0,0,0,0,0,0
10,5,2858,1,0,142,285,570,0,0,0,0,0,0,0,0
10,5,1206,0,0,16,32,64,0,0,0,0,0,0,0,0
0,0,0,0,0,0,0,0,0,0,0,0,0,0,0,0
10,6,4095,1,0,136,272,545,0,0,0,0,0,0,0,0
0,0,0,0,0,0,0,0,0,0,0,0,0,0,0,0
0,0,0,0,0,0,0,0,0,0,0,0,0,0,0,0
0,0,0,0,0,0,0,0,0,0,0,0,0,0,0,0
7,6,3949,1,8,77,154,308,5,6,1383,1,11,66,132,264
10,6,4095,1,0,106,212,425,0,0,0,0,0,0,0,0
8,5,347,0,4,111,223,447,0,0,0,0,0,0,0,0
10,6,2985,1,1,32,64,128,0,0,0,0,0,0,0,0
10,5,2732,0,1,85,171,343,0,0,0,0,0,0,0,0
10,4,4035,1,0,74,148,297,0,0,0,0,0,0,0,0
10,5,3816,1,1,97,195,390,0,0,0,0,0,0,0,0
10,6,4095,1,0,62,124,249,0,0,0,0,0,0,0,0
10,6,4094,1,1,34,68,136,0,0,0,0,0,0,0,0
8,6,3770,0,5,123,246,492,0,0,0,0,0,0,0,0
10,6,2734,0,0,4,9,18,0,0,0,0,0,0,0,0
10,6,4091,1,0,3,6,12,0,0,0,0,0,0,0,0
10,6,4095,1,0,136,272,545,0,0,0,0,0,0,0,0
10,6,4010,1,1,20,41,82,0,0,0,0,0,0,0,0
10,6,3071,0,1,12,24,49,0,0,0,0,0,0,0,0
10,6,4095,1,0,147,294,589,0,0,0,0,0,0,0,0
0,0,0,0,0,0,0,0,0,0,0,0,0,0,0,0
9,5,887,1,5,13,26,52,0,0,0,0,0,0,0,0
10,4,126,0,2,39,78,157,2,4,3952,0,12,13,26,53
8,6,2041,0,5,137,275,551,7,5,3014,1,7,153,307,615
0,0,0,0,0,0,0,0,0,0,0,0,0,0,0,0
10,4,2856,1,0,54,109,218,0,0,0,0,0,0,0,0
10,6,3839,0,0,103,206,413,0,0,0,0,0,0,0,0
9,6,4073,1,3,127,255,510,9,5,2924,1,4,121,242,485
10,6,4095,1,0,37,74,149,0,0,0,0,0,0,0,0
10,6,4094,1,1,114,228,456,0,0,0,0,0,0,0,0
10,5,4047,0,0,61,122,245,0,0,0,0,0,0,0,0
8,4,620,0,3,113,227,454,10,4,504,0,2,135,271,543
6,4,2275,0,7,89,178,357,0,0,0,0,0,0,0,0
10,5,3979,1,0,109,219,439,0,0,0,0,0,0,0,0
10,5,2984,1,0,49,98,197,0,0,0,0,0,0,0,0
10,6,3418,1,0,71,143,287,0,0,0,0,0,0,0,0
10,6,3002,1,0,86,173,346,0,0,0,0,0,0,0,0
0,0,0,0,0,0,0,0,0,0,0,0,0,0,0,0
10,6,4095,1,0,87,174,349,0,0,0,0,0,0,0,0
10,5,3903,0,0,72,144,289,0,0,0,0,0,0,0,0
10,6,4095,1,0,83,166,333,0,0,0,0,0,0,0,0
2,5,2282,0,12,62,125,250,5,4,691,1,11,92,184,368
0,0,0,0,0,0,0,0,0,0,0,0,0,0,0,0
0,0,0,0,0,0,0,0,0,0,0,0,0,0,0,0
10,4,3135,1,0,21,42,85,0,0,0,0,0,0,0,0
10,5,4092,0,0,138,276,553,0,0,0,0,0,0,0,0
3,6,4009,1,15,44,88,177,10,4,2317,0,0,50,100,200
0,0,0,0,0,0,0,0,0,0,0,0,0,0,0,0
10,6,4013,1,2,102,205,410,0,0,0,0,0,0,0,0
10,6,4074,1,2,59,119,239,10,5,3978,1,1,53,107,214
10,5,4047,0,0,137,274,549,0,0,0,0,0,0,0,0
10,6,4095,1,0,20,40,81,0,0,0,0,0,0,0,0
10,5,1023,1,0,103,206,413,0,0,0,0,0,0,0,0
10,6,4015,1,0,66,132,264,10,5,4018,1,1,56,113,227
10,6,2731,0,1,134,269,538,10,6,2731,0,1,140,281,562
10,6,4095,1,0,18,36,73,0,0,0,0,0,0,0,0
10,4,2976,1,0,30,60,121,0,0,0,0,0,0,0,0
6,6,4031,0,6,128,257,514,0,0,0,0,0,0,0,0
10,6,4095,1,0,30,60,121,0,0,0,0,0,0,0,0
10,6,2734,0,0,129,259,518,0,0,0,0,0,0,0,0
9,6,1431,1,3,77,155,310,0,0,0,0,0,0,0,0
10,6,4095,1,0,67,134,269,0,0,0,0,0,0,0,0
8,6,2009,0,4,130,261,522,0,0,0,0,0,0,0,0
10,6,4095,1,0,26,52,105,0,0,0,0,0,0,0,0
10,5,4092,0,0,17,34,69,0,0,0,0,0,0,0,0
4,4,3024,0,11,34,68,136,0,0,0,0,0,0,0,0
10,5,619,0,2,122,244,489,10,5,1211,0,2,128,257,514
6,6,2415,0,8,99,199,399,0,0,0,0,0,0,0,0
10,6,4095,1,0,90,180,361,3,4,255,1,13,107,214,429
10,6,4095,1,0,69,138,277,0,0,0,0,0,0,0,0
10,6,2794,1,0,63,127,254,0,0,0,0,0,0,0,0
10,6,3759,0,0,93,187,375,0,0,0,0,0,0,0,0
10,4,4080,0,0,122,244,489,0,0,0,0,0,0,0,0
10,6,2795,0,0,35,71,143,0,0,0,0,0,0,0,0
10,5,3768,1,0,109,219,438,0,0,0,0,0,0,0,0
8,4,1392,0,4,44,89,179,9,4,3620,1,3,49,99,199
10,5,1784,0,2,62,125,251,0,0,0,0,0,0,0,0
2,4,3164,0,13,101,202,405,0,0,0,0,0,0,0,0
10,6,3754,1,1,145,290,581,0,0,0,0,0,0,0,0
0,0,0,0,0,0,0,0,0,0,0,0,0,0,0,0
6,4,2275,0,7,151,302,605,0,0,0,0,0,0,0,0
10,5,1018,1,2,7,14,28,10,5,2721,1,1,12,25,51
6,6,1529,0,6,116,233,466,0,0,0,0,0,0,0,0
10,5,3323,1,0,40,80,160,0,0,0,0,0,0,0,0
0,0,0,0,0,0,0,0,0,0,0,0,0,0,0,0
